<?xml version="1.0" encoding="UTF-8"?>
<project version="4">
  <component name="DatabaseMigrationSettings" mainChangeLogName="\#date(&quot;yyyy.M.dd&quot;)-\#increment(1, 1, &quot;00&quot;)-changelog" secondaryChangeLogName="\#date(&quot;yyyy.M.dd&quot;)-\#increment(1, 1, &quot;00&quot;)-changelog">
    <database-infos>
      <database-info>
        <option name="enabled" value="true" />
        <dbms-id>postgres</dbms-id>
      </database-info>
      <database-info>
        <option name="enabled" value="true" />
        <dbms-id>oracle</dbms-id>
      </database-info>
    </database-infos>
  </component>
  <component name="JpaPluginProjectSettings">
    <option name="entityNameTemplate" />
    <option name="tableNameTemplate" value="#[[\$]]#{className.underscore().toLowerCase().pluralize()}" />
    <option name="generateSerialVersionUID" value="true" />
    <option name="isLombokGetterAndSetter" value="true" />
    <option name="scaffoldingLanguage" />
    <option name="lastSelectedLanguage" value="Java" />
  </component>
</project>