<?xml version="1.0" encoding="UTF-8"?>
<databaseChangeLog
  xmlns:xsi="http://www.w3.org/2001/XMLSchema-instance"
  xmlns="http://www.liquibase.org/xml/ns/dbchangelog"
  xsi:schemaLocation="http://www.liquibase.org/xml/ns/dbchangelog
                      http://www.liquibase.org/xml/ns/dbchangelog/dbchangelog-4.6.xsd">
  <changeSet author="hotdog" context="postgresql" id="2021.12.15-01" labels="opc-open-api"
    dbms="postgresql">
    <comment>Изменения в БД ОПЦ для поддержки MAC подписи и аутентификации ТСП по API-KEY</comment>
    <rollback>
      alter table opc_partners drop column hmac_key;
      alter table opc_partners drop column api_key;
    </rollback>
    <sqlFile dbms="postgresql" encoding="utf-8" path="scripts/15-01.postgresql.sql"
      relativeToChangelogFile="true"/>
  </changeSet>
  <changeSet author="hotdog" context="oracle" id="2021.12.15-01" labels="opc-open-api"
    dbms="oracle">
    <comment>Изменения в БД ОПЦ для поддержки MAC подписи и аутентификации ТСП по API-KEY</comment>
    <rollback>
      alter table opc_partners drop column hmac_key;
      alter table opc_partners drop column api_key;
    </rollback>
    <sqlFile dbms="oracle" encoding="utf-8" endDelimiter="/"
      path="scripts/15-01.oracle.sql" relativeToChangelogFile="true"/>
  </changeSet>

</databaseChangeLog>
